open_time,open,high,low,close,volume,close_time,quote_volume,count,taker_buy_volume,taker_buy_quote_volume,ignore
1714521600000,60651.2,60816.7,59555.0,60214.0,41842.441,1714535999999.0,2513609283.2913,672586.0,20553.147,1234678532.8583,0.0
1714536000000,60214.0,60331.8,57030.0,57482.0,111582.926,1714550399999.0,6523262448.37701,1395314.0,49772.919,2909380357.94058,0.0
1714550400000,57482.0,57881.0,56537.7,57862.1,105319.627,1714564799999.0,6024143258.44672,1383095.0,51402.485,2940822278.97471,0.0
1714564800000,57862.2,58257.8,56651.2,56865.2,86671.022,1714579199999.0,4979746068.17025,1128379.0,42551.404,2445032804.76521,0.0
1714579200000,56865.3,59438.2,56600.0,56935.7,163355.41,1714593599999.0,9459213608.20692,1974851.0,80736.533,4675889587.40031,0.0
1714593600000,56935.7,58550.8,56729.0,58307.6,55336.974,1714607999999.0,3193949984.13464,724392.0,29380.102,1696097254.23992,0.0
