open_time,open,high,low,close,volume,close_time,quote_volume,count,taker_buy_volume,taker_buy_quote_volume,ignore
1713398400000,61254.5,62194.8,60900.0,61953.5,39391.28,1713412799999.0,2426607879.62192,623904.0,19635.532,1209901166.94662,0.0
1713412800000,61953.6,62048.0,60763.8,61154.7,45077.119,1713427199999.0,2763630888.66162,691285.0,22268.306,1365166468.5175,0.0
1713427200000,61154.6,63049.9,60824.2,62563.0,60982.513,1713441599999.0,3783437993.26596,888786.0,32255.726,2001644124.16826,0.0
1713441600000,62563.0,64100.0,61558.0,63474.0,118803.773,1713455999999.0,7473092439.46244,1579064.0,59366.035,3735282325.7587,0.0
1713456000000,63473.9,63857.5,62268.4,63438.0,68984.116,1713470399999.0,4354210218.91452,992080.0,34351.205,2168563312.92838,0.0
1713470400000,63437.3,63815.6,63123.3,63445.0,30063.593,1713484799999.0,1907554335.0884,472385.0,14978.192,950575651.3322,0.0
