open_time,open,high,low,close,volume,close_time,quote_volume,count,taker_buy_volume,taker_buy_quote_volume,ignore
1712448000000,68901.50,69800.00,68820.60,69402.10,30693.366,1712462399999,2128746417.22480,555754,16034.985,1112201860.49730,0
1712462400000,69402.20,69499.50,69055.10,69367.40,17331.856,1712476799999,1201178783.67220,334026,8266.047,572949293.48360,0
1712476800000,69367.30,69579.20,69198.30,69366.10,15464.263,1712491199999,1072916872.44840,291987,7478.699,518937191.30270,0
1712491200000,69366.20,69921.30,69215.10,69567.90,33660.142,1712505599999,2340985863.01512,581832,18027.382,1253995944.20402,0
1712505600000,69567.90,70395.00,68881.30,69089.90,54047.410,1712519999999,3771347860.53283,899187,27335.066,1908459920.61563,0
1712520000000,69090.00,69492.90,68900.90,69362.70,20586.399,1712534399999,1426050475.03840,431221,10371.263,718502578.76740,0
