open_time,open,high,low,close,volume,close_time,quote_volume,count,taker_buy_volume,taker_buy_quote_volume,ignore
1711929600000,71363.00,71388.00,70588.00,70650.10,21815.323,1711943999999,1548526518.61410,360129,10015.078,710904342.62570,0
1711944000000,70650.00,70727.20,68895.50,69637.00,70969.124,1711958399999,4943440063.39039,906761,34020.708,2369675682.33250,0
1711958400000,69637.00,69868.90,69222.00,69520.40,29105.420,1711972799999,2023997346.22742,396022,14464.376,1006028449.24632,0
1711972800000,69520.40,70145.00,68210.00,68281.00,83634.103,1711987199999,5781376466.49348,1118928,39617.756,2738983798.91880,0
1711987200000,68280.90,69866.10,68103.30,69682.10,53164.149,1712001599999,3659559026.09318,707219,27714.605,1908262913.29040,0
1712001600000,69682.20,69949.00,69361.00,69700.00,24124.007,1712015999999,1681786142.28650,366133,11430.789,796976069.58400,0
