open_time,open,high,low,close,volume,close_time,quote_volume,count,taker_buy_volume,taker_buy_quote_volume,ignore
1714089600000,64478.80,64649.70,63844.00,64359.70,32749.047,1714103999999,2105318886.70240,528795,16233.119,1043636570.88750,0
1714104000000,64359.60,64590.30,63992.60,64236.60,22324.933,1714118399999,1435756151.41510,369447,10827.415,696412265.64530,0
1714118400000,64236.70,64544.80,64031.50,64213.60,20015.817,1714132799999,1286604749.57900,347922,10088.765,648542166.93220,0
1714132800000,64213.60,64783.10,63325.00,63481.30,81303.560,1714147199999,5206379826.12620,1158612,40605.980,2600634313.78400,0
1714147200000,63481.20,64156.00,63291.50,63723.60,32853.541,1714161599999,2095502717.54500,507027,16992.224,1084027204.16080,0
1714161600000,63723.60,64097.40,63648.60,63748.80,12902.915,1714175999999,824026814.55080,250984,6573.567,419842678.71180,0
