open_time,open,high,low,close,volume,close_time,quote_volume,count,taker_buy_volume,taker_buy_quote_volume,ignore
1712534400000,69362.70,69898.00,69040.40,69484.90,26553.497,1712548799999,1843848493.32192,524241,13458.941,934711786.84422,0
1712548800000,69485.00,70917.00,69296.60,70745.40,40704.221,1712563199999,2858024696.14369,719943,22222.764,1561039791.42069,0
1712563200000,70745.40,72753.60,70677.60,72472.60,110069.526,1712577599999,7917567001.12907,1750437,58341.413,4196014023.51167,0
1712577600000,72472.60,72890.40,71276.00,71815.70,70417.438,1712591999999,5071882593.87573,1276163,34008.952,2450098067.61960,0
1712592000000,71815.70,72171.60,71338.30,71807.20,34303.610,1712606399999,2463080393.72290,668837,16779.712,1204955646.89620,0
1712606400000,71807.30,72077.30,71552.50,71678.40,15189.157,1712620799999,1090359789.84228,354872,7943.579,570250456.00160,0
