open_time,open,high,low,close,volume,close_time,quote_volume,count,taker_buy_volume,taker_buy_quote_volume,ignore
1714176000000,63748.70,63901.40,62332.80,63047.20,59693.740,1714190399999,3758578405.20630,865335,27860.648,1754154158.43290,0
1714190400000,63047.20,63157.60,62760.70,62944.30,17253.027,1714204799999,1086738262.07600,333364,8212.669,517303047.76380,0
1714204800000,62944.30,63044.60,62650.00,62834.50,14504.338,1714219199999,911865752.26360,291140,7169.103,450733739.55780,0
1714219200000,62834.40,63390.80,62780.30,62928.40,23358.700,1714233599999,1473447086.48140,407982,11488.142,724708139.04650,0
1714233600000,62928.30,63624.40,62700.20,63329.80,39059.005,1714247999999,2467003688.29940,613832,19852.410,1253881673.29420,0
1714248000000,63329.90,63532.60,63115.00,63421.00,13480.299,1714262399999,853551979.62720,242299,6643.970,420751542.42350,0
