open_time,open,high,low,close,volume,close_time,quote_volume,count,taker_buy_volume,taker_buy_quote_volume,ignore
1713657600000,64897.20,65678.70,64570.50,65131.20,30568.361,1713671999999,1991770591.94926,524788,15047.009,980666493.29066,0
1713672000000,65131.30,65216.30,64803.10,65109.80,17902.665,1713686399999,1163945409.18170,346040,8869.286,576642737.05510,0
1713686400000,65109.80,65425.00,64728.30,65203.50,25335.640,1713700799999,1648208178.58770,416571,13424.676,873488149.84740,0
1713700800000,65203.50,65362.30,64743.70,65015.00,24230.119,1713715199999,1574990685.60120,436882,12249.233,796223481.19690,0
1713715200000,65014.90,65068.70,64214.20,64506.90,37769.782,1713729599999,2439575607.81344,615360,17931.206,1158187355.03590,0
1713729600000,64507.00,65242.00,64322.70,64912.60,24727.381,1713743999999,1602665046.23970,433243,12873.505,834490056.08280,0
