open_time,open,high,low,close,volume,close_time,quote_volume,count,taker_buy_volume,taker_buy_quote_volume,ignore
1713744000000,64912.70,66101.00,64470.50,65677.60,56789.099,1713758399999,3701554813.30074,887530,29668.877,1934390801.47490,0
1713758400000,65677.50,66449.00,65466.60,65943.70,41069.709,1713772799999,2711184230.08180,685985,20208.603,1334079402.40680,0
1713772800000,65943.80,66180.00,65664.60,65856.20,23493.116,1713787199999,1549179634.61420,432629,11422.012,753277528.64780,0
1713787200000,65856.10,66449.00,65600.70,65966.80,49814.265,1713801599999,3287337545.56850,801224,24084.742,1589466786.46400,0
1713801600000,65966.80,66819.60,65866.80,66495.60,43140.787,1713815999999,2864495192.68350,651478,22868.060,1518667374.73000,0
1713816000000,66495.60,67222.00,66300.10,66778.00,31961.435,1713830399999,2135304073.21330,514255,17010.498,1136626270.23120,0
