open_time,open,high,low,close,volume,close_time,quote_volume,count,taker_buy_volume,taker_buy_quote_volume,ignore
1712620800000,71678.30,71820.60,70900.00,71339.00,33623.357,1712635199999,2399037192.85754,675841,15928.641,1136691532.48238,0
1712635200000,71339.00,71399.90,70160.00,70444.00,48492.765,1712649599999,3434713914.93853,795401,22887.516,1621755097.77760,0
1712649600000,70444.10,70961.00,69536.80,70858.30,66018.368,1712663999999,4644112654.56936,972946,32723.615,2302633374.66684,0
1712664000000,70858.20,71048.30,68538.00,69322.80,113450.195,1712678399999,7902849870.09804,1655188,54199.362,3775837485.61990,0
1712678400000,69322.80,69369.90,68216.00,69049.70,54110.638,1712692799999,3723907725.75158,941660,26172.252,1801709804.43480,0
1712692800000,69049.60,69473.40,68913.20,69189.30,18364.080,1712707199999,1270643979.22370,390560,8647.421,598409281.50090,0
