open_time,open,high,low,close,volume,close_time,quote_volume,count,taker_buy_volume,taker_buy_quote_volume,ignore
1713916800000,66386.20,66869.80,66347.20,66585.70,18340.202,1713931199999,1221859747.11290,365265,8725.346,581305390.85090,0
1713931200000,66585.80,67068.20,66520.80,66588.90,23285.043,1713945599999,1554831758.69990,382807,11568.784,772549702.13570,0
1713945600000,66588.90,66721.70,66172.00,66550.70,24802.818,1713959999999,1647544341.27960,404224,12407.583,824246036.02110,0
1713960000000,66550.70,66711.90,64489.70,64594.00,103026.913,1713974399999,6737245473.86480,1405768,48539.277,3173946249.42890,0
1713974400000,64593.50,65122.00,63695.00,63960.90,71058.223,1713988799999,4581343499.40620,987784,34180.140,2204210707.30340,0
1713988800000,63960.80,64426.60,63575.00,64250.00,40031.862,1714003199999,2564058432.26280,613613,20005.004,1281480748.98650,0
