open_time,open,high,low,close,volume,close_time,quote_volume,count,taker_buy_volume,taker_buy_quote_volume,ignore
1712361600000,67825.80,68074.80,67450.00,67793.30,18480.422,1712375999999,1251995162.62240,309772,8828.796,598179633.13260,0
1712376000000,67793.40,68240.10,67601.00,67985.10,17391.704,1712390399999,1182437414.83416,290649,8765.276,595976246.04986,0
1712390400000,67985.10,68129.00,67610.00,67655.00,15249.245,1712404799999,1034743664.57190,231274,6827.619,463297776.82770,0
1712404800000,67654.90,68320.00,67525.00,68094.00,21939.242,1712419199999,1489767807.33670,359114,11757.350,798455585.23076,0
1712419200000,68094.00,68490.10,67923.40,68259.50,18317.958,1712433599999,1250005539.63170,297337,9134.022,623292269.29650,0
1712433600000,68259.40,69708.00,68158.50,68901.60,35965.155,1712447999999,2482105592.74268,555921,19607.772,1353090302.35288,0
