open_time,open,high,low,close,volume,close_time,quote_volume,count,taker_buy_volume,taker_buy_quote_volume,ignore
1712793600000,70681.80,71128.80,70340.00,70900.50,25776.252,1712807999999,1823377721.41880,520357,13169.287,931478138.19826,0
1712808000000,70900.50,71387.40,70421.00,70789.10,32669.624,1712822399999,2313965630.04640,563123,15795.431,1119113518.69386,0
1712822400000,70789.10,71337.80,69921.10,70043.30,45863.876,1712836799999,3241424839.17984,732997,21956.285,1552254779.33860,0
1712836800000,70043.40,71160.00,69592.60,70045.90,96654.864,1712851199999,6789719255.15718,1499747,48529.128,3409766017.65860,0
1712851200000,70045.90,70577.70,69608.10,70491.40,34983.242,1712865599999,2454328293.13764,663417,17900.218,1255957656.31214,0
1712865600000,70491.30,70806.40,69800.00,70055.70,20246.295,1712879999999,1424079786.61712,411877,9803.576,689676774.83960,0
