open_time,open,high,low,close,volume,close_time,quote_volume,count,taker_buy_volume,taker_buy_quote_volume,ignore
1712966400000,67136.40,67200.00,65754.60,67188.40,55177.302,1712980799999,3669428315.66940,873863,26958.926,1793305191.05165,0
1712980800000,67188.50,67975.40,67039.30,67466.10,42109.713,1712995199999,2842979371.26804,629668,20643.929,1393926396.62144,0
1712995200000,67466.10,67842.90,67116.90,67377.00,23444.783,1713009599999,1581182086.28430,407184,11363.013,766382708.15530,0
1713009600000,67377.10,67954.00,67175.00,67683.20,29542.422,1713023999999,1997187867.18340,507266,14902.600,1007693333.40600,0
1713024000000,67683.20,67770.00,63530.00,64779.10,107653.080,1713038399999,7117995092.88292,1415398,49214.896,3257174635.96510,0
1713038400000,64779.10,65667.70,59652.50,63939.70,257077.903,1713052799999,16159130746.39255,2846262,122729.539,7719004862.29593,0
