open_time,open,high,low,close,volume,close_time,quote_volume,count,taker_buy_volume,taker_buy_quote_volume,ignore
1714003200000,64250.00,64713.60,63823.20,64260.00,29118.115,1714017599999,1872343042.65650,484754,14663.422,942838606.05210,0
1714017600000,64259.90,64377.10,63800.00,63996.10,23629.633,1714031999999,1515837369.39480,382946,10822.168,694266605.56210,0
1714032000000,63996.20,64180.00,63300.00,63826.90,47523.366,1714046399999,3029058457.82290,771675,23320.410,1486634633.70630,0
1714046400000,63827.00,64316.50,62721.30,64091.70,92249.687,1714060799999,5856665721.40360,1369898,45555.415,2893073277.18890,0
1714060800000,64091.60,64995.70,63934.00,64721.50,52582.241,1714075199999,3391490256.44520,747777,26156.793,1687267745.52900,0
1714075200000,64721.60,65270.60,64413.40,64478.80,30108.020,1714089599999,1950571230.12540,468338,15291.703,991002667.70170,0
