open_time,open,high,low,close,volume,close_time,quote_volume,count,taker_buy_volume,taker_buy_quote_volume,ignore
1713484800000,63445.00,63449.90,59541.00,61757.10,162327.211,1713499199999,9932918910.62922,2100780,79458.286,4862546453.36256,0
1713499200000,61757.10,65189.00,61701.30,64519.60,132400.625,1713513599999,8397431727.01649,1623074,68568.645,4347516676.46765,0
1713513600000,64519.50,65480.00,64088.10,64839.80,79968.568,1713527999999,5179217908.83473,1069065,40473.895,2621947903.55971,0
1713528000000,64839.80,65420.50,63779.70,64417.70,83821.582,1713542399999,5417678230.80940,1209732,41853.503,2705398142.47464,0
1713542400000,64417.60,64823.60,63477.50,64307.20,67738.532,1713556799999,4343181108.69290,984114,34152.514,2190114384.92936,0
1713556800000,64307.20,64478.80,62910.00,63787.40,48007.540,1713571199999,3061705374.95508,742818,23232.790,1481750474.32550,0
