open_time,open,high,low,close,volume,close_time,quote_volume,count,taker_buy_volume,taker_buy_quote_volume,ignore
1712880000000,70055.60,71071.40,70044.40,71034.30,28772.522,1712894399999,2033477473.49040,497646,16038.512,1133746493.17030,0
1712894400000,71034.30,71297.00,70633.60,70825.90,25196.369,1712908799999,1787884467.59690,451689,12293.532,872371219.51200,0
1712908800000,70825.90,71038.90,70552.90,70950.90,21288.038,1712923199999,1507585374.34830,415467,11650.297,825178611.41380,0
1712923200000,70950.90,71028.00,69267.00,69374.10,82025.367,1712937599999,5734093911.45696,1166597,38452.866,2687653656.97350,0
1712937600000,69374.00,69626.70,65102.00,66867.50,220063.110,1712951999999,14842834061.30131,2409496,102828.419,6936768728.00794,0
1712952000000,66867.60,67498.70,66695.10,67136.40,38182.743,1712966399999,2560739260.43560,648431,18335.972,1229865734.92080,0
