open_time,open,high,low,close,volume,close_time,quote_volume,count,taker_buy_volume,taker_buy_quote_volume,ignore
1712102400000,65502.40,66341.80,64500.00,66252.20,60445.956,1712116799999,3957604162.45002,809502,31208.274,2044497288.95121,0
1712116800000,66252.20,66550.00,65955.00,66181.10,31478.147,1712131199999,2086021321.98210,420101,15023.486,995861008.96990,0
1712131200000,66181.20,66696.50,65555.00,66094.30,47333.798,1712145599999,3132949566.51558,595309,23092.827,1528717059.57090,0
1712145600000,66094.20,66940.00,65661.00,65873.90,67186.665,1712159999999,4451738636.13178,879995,33355.193,2210509732.63010,0
1712160000000,65873.90,66624.00,65451.10,65798.80,45312.020,1712174399999,2991988087.88648,654307,22381.510,1478198595.32320,0
1712174400000,65798.80,66324.00,65500.10,65971.90,23284.644,1712188799999,1534625663.78240,356831,11325.496,746366493.88420,0
