open_time,open,high,low,close,volume,close_time,quote_volume,count,taker_buy_volume,taker_buy_quote_volume,ignore
1712188800000,65971.80,66375.80,65451.30,65637.20,30274.072,1712203199999,1994934168.18550,449254,14774.254,973621783.27000,0
1712203200000,65637.20,66307.00,65100.00,66104.80,39140.486,1712217599999,2570117390.61212,502755,19228.708,1263058887.17505,0
1712217600000,66104.70,66500.00,66036.00,66361.50,24461.347,1712231999999,1621978247.26760,375985,12190.430,808403882.42940,0
1712232000000,66361.50,67916.00,66336.60,67631.80,75527.215,1712246399999,5081944433.91149,952800,38101.578,2563271047.71449,0
1712246400000,67631.70,69329.70,67514.70,68484.00,97105.541,1712260799999,6658482362.63294,1135643,50423.328,3457145565.27816,0
1712260800000,68483.90,68581.00,67291.30,68489.90,59876.677,1712275199999,4065712301.66928,801780,30546.217,2073992857.60262,0
