open_time,open,high,low,close,volume,close_time,quote_volume,count,taker_buy_volume,taker_buy_quote_volume,ignore
1713571200000,63787.40,64236.20,63045.10,63931.80,41252.775,1713585599999,2626821448.34342,683075,21093.612,1343307202.54552,0
1713585600000,63931.80,64244.00,63779.90,63937.90,19125.163,1713599999999,1224779579.28502,339878,9020.534,577752435.16452,0
1713600000000,63938.00,63967.20,63244.00,63688.70,35323.020,1713614399999,2247081857.63710,529001,17391.216,1106398576.27240,0
1713614400000,63688.70,64940.00,63537.30,64771.00,33816.236,1713628799999,2171265113.19736,548660,18283.079,1174293180.91556,0
1713628800000,64771.00,65400.00,64421.80,64834.70,50097.196,1713643199999,3252822827.82887,778496,24614.031,1598287552.61537,0
1713643200000,64834.80,65013.00,64513.10,64897.20,17527.872,1713657599999,1134642684.70124,324663,9010.587,583399060.82250,0
