open_time,open,high,low,close,volume,close_time,quote_volume,count,taker_buy_volume,taker_buy_quote_volume,ignore
1713052800000,63939.70,64297.10,62139.30,63428.70,88650.039,1713067199999,5617306081.30610,1195928,43538.208,2759363595.50750,0
1713067200000,63428.50,64869.00,63383.30,64449.90,50112.447,1713081599999,3220251473.21506,788598,24417.744,1569109152.72526,0
1713081600000,64449.90,64891.60,63850.00,64150.20,40232.475,1713095999999,2587379816.48662,702017,19577.555,1259213115.41670,0
1713096000000,64150.20,64846.10,63428.60,64163.30,59925.363,1713110399999,3844757358.12158,909641,29461.972,1890722094.29246,0
1713110400000,64163.30,64733.00,62550.00,64146.00,92113.232,1713124799999,5878158170.54098,1171244,46493.918,2968549951.64978,0
1713124800000,64146.00,65822.10,63300.00,65615.90,64736.577,1713139199999,4190225993.91143,928357,32540.663,2106947377.91239,0
