open_time,open,high,low,close,volume,close_time,quote_volume,count,taker_buy_volume,taker_buy_quote_volume,ignore
1713225600000,63392.80,63879.60,62711.00,62937.60,43701.669,1713239999999,2763540901.22036,712840,21512.935,1360586939.26950,0
1713240000000,62937.60,63786.30,61651.80,63487.90,68412.564,1713254399999,4289574462.43242,930149,33676.043,2112358294.77054,0
1713254400000,63488.00,63646.90,61521.00,63064.60,80931.579,1713268799999,5065700415.06740,1075550,39827.102,2493123645.95404,0
1713268800000,63064.60,63399.70,61704.70,61749.20,98458.370,1713283199999,6156467451.96472,1398491,47918.343,2996788134.13278,0
1713283200000,61749.20,63277.10,61680.00,62691.00,73768.751,1713297599999,4611566741.95848,1129650,37963.842,2373176589.88712,0
1713297600000,62690.90,64356.30,62519.30,63765.00,40658.506,1713311999999,2584511653.72282,569835,21504.722,1366724347.54402,0
