open_time,open,high,low,close,volume,close_time,quote_volume,count,taker_buy_volume,taker_buy_quote_volume,ignore
1712275200000,68489.80,68787.10,67420.20,67885.40,37413.887,1712289599999,2544802159.19018,592516,17837.896,1213457489.73648,0
1712289600000,67885.50,68051.40,66376.00,66937.40,50688.326,1712303999999,3396553525.88817,639559,23787.231,1593961602.38812,0
1712304000000,66937.40,67700.00,66388.40,66502.80,56234.546,1712318399999,3764424949.81188,752395,28302.154,1895021832.98436,0
1712318400000,66502.80,68585.90,65966.00,68201.50,110822.813,1712332799999,7448959781.85054,1390846,56749.221,3816055036.30777,0
1712332800000,68200.00,68388.10,67326.60,67400.00,41415.268,1712347199999,2806813042.69364,583788,19853.097,1345817806.18110,0
1712347200000,67400.00,67977.00,67333.30,67825.70,16972.453,1712361599999,1148611729.77490,287018,8553.143,578802571.55880,0
