open_time,open,high,low,close,volume,close_time,quote_volume,count,taker_buy_volume,taker_buy_quote_volume,ignore
1712016000000,69700.00,69731.60,65600.00,66734.10,118225.311,1712030399999,7982081295.89397,1431111,52725.799,3559051662.51837,0
1712030400000,66734.10,67157.00,66150.00,66503.30,55086.316,1712044799999,3673491253.03032,714983,27062.357,1804935725.65482,0
1712044800000,66503.40,66748.00,65108.00,65684.20,101124.889,1712059199999,6664856248.36670,1279887,48028.053,3166470133.14800,0
1712059200000,65684.20,66289.00,64650.00,64928.30,121001.846,1712073599999,7917883484.05930,1504150,58630.599,3837895775.68649,0
1712073600000,64928.20,66225.20,64603.20,65946.80,70323.338,1712087999999,4607705615.33801,900608,35464.420,2324419056.89821,0
1712088000000,65946.80,66147.10,65223.30,65505.30,33279.872,1712102399999,2187062152.08934,476213,15250.405,1002253204.97258,0
