open_time,open,high,low,close,volume,close_time,quote_volume,count,taker_buy_volume,taker_buy_quote_volume,ignore
1713657600000,64897.20,65678.70,64214.20,64912.60,160533.948,1713743999999,10421155519.37300,2772884,80394.915,5219698272.50876,0
