open_time,open,high,low,close,volume,close_time,quote_volume,count,taker_buy_volume,taker_buy_quote_volume,ignore
1713312000000,63764.90,64483.30,59625.00,61254.50,444032.992,1713398399999,27402345105.77818,6013417,217665.156,13434667791.21996,0
