open_time,open,high,low,close,volume,close_time,quote_volume,count,taker_buy_volume,taker_buy_quote_volume,ignore
1714003200000,64250.00,65270.60,62721.30,64478.80,275211.062,1714089599999,17615966077.84840,4225388,135809.911,8695083535.74010,0
