open_time,open,high,low,close,volume,close_time,quote_volume,count,taker_buy_volume,taker_buy_quote_volume,ignore
1713484800000,63445.00,65480.00,59541.00,63787.40,574264.058,1713571199999,36332133260.93782,7729583,287739.633,18209274035.11942,0
