open_time,open,high,low,close,volume,close_time,quote_volume,count,taker_buy_volume,taker_buy_quote_volume,ignore
1714089600000,64478.80,64783.10,63291.50,63748.80,202149.813,1714175999999,12953589145.91850,3162787,101321.070,6493095200.12160,0
