open_time,open,high,low,close,volume,close_time,quote_volume,count,taker_buy_volume,taker_buy_quote_volume,ignore
1713052800000,63939.70,65822.10,62139.30,65615.90,395770.133,1713139199999,25338078893.58177,5695785,196030.060,12553905287.50409,0
