open_time,open,high,low,close,volume,close_time,quote_volume,count,taker_buy_volume,taker_buy_quote_volume,ignore
1713916800000,66386.20,67068.20,63575.00,64250.00,280545.061,1714003199999,18306883252.62620,4159461,135426.134,8837738834.72650,0
