open_time,open,high,low,close,volume,close_time,quote_volume,count,taker_buy_volume,taker_buy_quote_volume,ignore
1712448000000,68901.50,70395.00,68820.60,69362.70,171783.436,1712534399999,11941226271.93175,3094007,87513.442,6085046788.87065,0
