open_time,open,high,low,close,volume,close_time,quote_volume,count,taker_buy_volume,taker_buy_quote_volume,ignore
1713830400000,66777.90,67158.90,65750.00,66386.30,178665.564,1713916799999,11872124257.87610,2963037,87654.874,5824990179.25970,0
