open_time,open,high,low,close,volume,close_time,quote_volume,count,taker_buy_volume,taker_buy_quote_volume,ignore
1713744000000,64912.70,67222.00,64470.50,66778.00,246268.411,1713830399999,16249055489.46204,3973101,125262.792,8266508163.95470,0
