open_time,open,high,low,close,volume,close_time,quote_volume,count,taker_buy_volume,taker_buy_quote_volume,ignore
1712620800000,71678.30,71820.60,68216.00,69189.30,334059.403,1712707199999,23375265337.43875,5431596,160558.807,11237036576.48242,0
