open_time,open,high,low,close,volume,close_time,quote_volume,count,taker_buy_volume,taker_buy_quote_volume,ignore
1713571200000,63787.40,65400.00,63045.10,64897.20,197142.262,1713657599999,12657413510.99301,3203773,99413.059,6383438008.33587,0
