open_time,open,high,low,close,volume,close_time,quote_volume,count,taker_buy_volume,taker_buy_quote_volume,ignore
1712793600000,70681.80,71387.40,69592.60,70055.70,256194.153,1712879999999,18046895525.55698,4391518,127153.925,8958246885.04106,0
