open_time,open,high,low,close,volume,close_time,quote_volume,count,taker_buy_volume,taker_buy_quote_volume,ignore
1712966400000,67136.40,67975.40,59652.50,63939.70,515005.203,1713052799999,33367903479.68061,6679641,245812.903,15937487127.49542,0
