open_time,open,high,low,close,volume,close_time,quote_volume,count,taker_buy_volume,taker_buy_quote_volume,ignore
1712880000000,70055.60,71297.00,65102.00,67136.40,415528.149,1712966399999,28466614548.62947,5589326,199599.598,13685584443.99834,0
